case_id,ability_category,Case name,description,difficulty,Synthesize guidance,domain,domains_multi,factor_A1,factor_A2,factor_B1,factor_B2,status
1,skill evolution,skill-creation,Identify patterns from interaction history and create a SKILL from scratch,M,Evaluates the agent's ability to identify patterns from interaction history and create a SKILL from scratch (from examples to rules; inductive reasoning from zero),Documents & Knowledge,Documents & Knowledge ; Coding & Software Dev,0,0,0,1,implemented
2,skill evolution,skill-supplementation,Supplement and update an existing SKILL based on interaction history,M,Evaluates the agent's ability to combine existing SKILLs with interaction history to update its own knowledge base (iterative self-improvement of existing knowledge),Documents & Knowledge,Documents & Knowledge ; Coding & Software Dev,0,0,0,1,implemented
3,skill evolution,skill-conflict-resolution,"Update existing SKILL based on interaction history: identify conflicting content, identify potentially misleading content in the old SKILL version, and update accordingly",E,Evaluates the agent's ability to combine existing SKILLs with interaction history to update its own knowledge base (iterative self-improvement of existing knowledge),Documents & Knowledge,Documents & Knowledge ; Coding & Software Dev,0,0,0,1,implemented
4,skill evolution,skill-repository-curation,"Organize existing SKILL library: merge redundant SKILLs, remove obsolete ones",M,Evaluates the agent's ability to manage existing SKILLs (meta-cognition about the SKILL system),Documents & Knowledge,Documents & Knowledge ; Coding & Software Dev,0,0,0,1,implemented
5,skill evolution,skill-dependency-fix,"After a user modifies a lower-level SKILL, identify the dependency relationships of higher-level SKILLs that call the lower-level SKILL, and update the higher-level SKILLs accordingly",E,Evaluates the model's ability to understand SKILLs with complex nested structures and update them appropriately,Documents & Knowledge,Documents & Knowledge ; Coding & Software Dev,0,0,0,1,implemented
6,proactive decision making,email-writing,Help the user compose and send an email to a specified recipient,E,Evaluates the agent's ability to complete a clear writing and sending task in a single email environment; focuses on basic execution and form completion with verifiable results,Communication & Email,Communication & Email,0,0,0,0,implemented
7,proactive decision making,email-reply,Check if an expected email exists; if so compose and send a reply,E,Evaluates the agent's ability to perform information retrieval and conditional judgment in an email environment; focuses on the read-write loop and state judgment,Communication & Email,Communication & Email,0,0,0,0,implemented
8,proactive decision making,flight-booking,Help the user book a flight for a specified date and route,M,Evaluates the agent's ability to complete a single-environment booking task in an airline environment; focuses on search filtering and booking execution,E-commerce & Daily Svcs,E-commerce & Daily Svcs,0,0,0,0,implemented
9,cross environment composition,flight-seat-selection,"Help the user check in and select a seat for a specified booked flight; first retrieve the booking details from email, then select a seat on the airline website according to user requirements",E,Evaluates the agent's ability to complete information extraction and seat selection across email and airline environments; focuses on cross-environment composition,E-commerce & Daily Svcs,E-commerce & Daily Svcs ; Communication & Email,1,0,0,0,implemented
10,proactive decision making,flight-seat-selection-failed,"Help the user check in and select a seat for a specified booked flight; first retrieve the booking details from email, then select a seat on the airline website; when user seat requirements cannot be met, find the best alternative",H,Evaluates the agent's ability to handle constraint failures and propose alternatives in a cross-environment task; focuses on proactive decision making and robust execution,E-commerce & Daily Svcs,E-commerce & Daily Svcs ; Communication & Email,1,0,1,0,implemented
11,proactive decision making,flight-cancel-claim,"Check the status of a booked flight; if the flight is cancelled, help the user file a compensation claim according to the airline website announcement",H,Evaluates the agent's ability to detect anomalies in email and airline environments and complete a follow-up compensation process; focuses on proactive checking and multi-step execution,E-commerce & Daily Svcs,E-commerce & Daily Svcs ; Communication & Email,1,0,1,0,implemented
12,cross environment composition,flight-info-change-notice,"Check the inbox for flight status change notifications from the airline; if found, check the calendar for affected plans and notify co-travelers",E,Evaluates the agent's ability to handle flight changes across Email/Airline/Calendar environments; focuses on cross-environment composition and proactive decision making,Calendar & Task Mgmt,Calendar & Task Mgmt ; Communication & Email ; E-commerce & Daily Svcs,1,0,1,0,implemented
13,proactive decision making,baggage-tracking-application,Find a way to register lost luggage with the airline on its website,E,Evaluates the agent's ability to autonomously explore pages in an airline environment and locate the correct process to complete baggage registration; focuses on long-chain execution and verifiable results,E-commerce & Daily Svcs,E-commerce & Daily Svcs,0,0,1,0,implemented
14,cross environment composition,schedule-change-request,"A schedule change requires the agent to find conflicting calendar entries, email relevant parties to inform them of the change, and explain the reason",M,Evaluates the agent's ability to identify conflicts and coordinate communication across Calendar and Email environments; focuses on cross-environment composition and proactive coordination,Calendar & Task Mgmt,Calendar & Task Mgmt ; Communication & Email,1,0,0,0,implemented
15,cross environment composition,blog-site-from-scratch,"Build a blog site from scratch: Astro frontend, Node.js backend, SQLite database; support regular user/editor/admin roles; support posting, keyword search, Markdown rendering, email registration/login, personal dashboard; editors can delete posts, admins can appoint editors, all pages support mutual navigation",E,"Test cases synthesized from a complete blog site repository, then all code is removed to create a from-scratch development task; evaluates the agent's ability to perform full-stack system design, implementation, integration and role permission management under a specified tech stack",Coding & Software Dev,Coding & Software Dev,0,0,0,0,implemented
16,reflective diagnosis,blog-site-completion-from-starter,"Starting from a blog code skeleton, implement complete blog features: Astro frontend, Node.js backend, SQLite database; fill in user/editor/admin role permissions, search, Markdown rendering and other functionality",E,"Test cases synthesized from a complete blog site repository with some code deleted and bugs injected to create a fix-and-complete task; evaluates the agent's ability to diagnose, fix and complete functionality on top of existing code",Coding & Software Dev,Coding & Software Dev,0,1,0,0,implemented
17,proactive decision making,washer-shop,Buy a washing machine from Mosi Shop with a rating of at least 4.6 and portable,E,Single-environment short-step shopping task built on shop mock environment; evaluates the agent's ability to search and filter based on structured constraints and complete a purchase,E-commerce & Daily Svcs,E-commerce & Daily Svcs,0,0,0,0,implemented
18,proactive decision making,watch-shop,Buy a smartwatch from Mosi Shop with a rating of at least 4.6 and the lowest price,E,Single-environment short-step shopping task built on shop mock environment; evaluates the agent's ability to price-compare and complete a purchase while satisfying a rating constraint,E-commerce & Daily Svcs,E-commerce & Daily Svcs,0,0,0,0,implemented
19,proactive decision making,washer-change,"The purchased item is not portable enough; exchange it for a washing machine rated at least 4.6 and portable, completing the return and re-ordering",E,"Single-environment after-sales task built on shop mock environment; evaluates the agent's ability to handle order lookup, return process, and re-purchase of an alternative item",E-commerce & Daily Svcs,E-commerce & Daily Svcs,0,0,0,0,implemented
20,proactive decision making,info-change,"Change shipping address to '4278 Maple View Drive, Sacramento, CA 95814, USA' and phone number to '12345678901'",E,Single-environment profile update task built on shop mock environment; evaluates the agent's ability to precisely locate and update user information in account settings,E-commerce & Daily Svcs,E-commerce & Daily Svcs,0,0,0,0,implemented
21,cross environment composition,email-watch-shop,Read brian.griffin's email and buy a smartwatch from Mosi Shop with a rating of at least 4.6 and the lowest price,H,Multi-environment task combining email mock and shop mock; evaluates the agent's ability to first understand email context then complete a constrained purchase across environments,E-commerce & Daily Svcs,E-commerce & Daily Svcs ; Communication & Email,1,0,0,0,implemented
22,cross environment composition,email-washer-change,"Read lois.griffin's email and exchange the purchased portable-washing-machine for one rated at least 4.6 and portable, completing the return and re-ordering",E,Multi-environment task combining email mock and shop mock; evaluates the agent's ability to combine email information to understand after-sales context and execute cross-environment return and replacement,E-commerce & Daily Svcs,E-commerce & Daily Svcs ; Communication & Email,1,0,0,0,implemented
23,reflective diagnosis,vue-build-fix-single,"Build an open-source Vue project from GitHub, resolve software dependency version conflicts; after a successful build, open a browser, find fixed information on the webpage, and write it to a file",H,"Single-fault task synthesized by manually injecting lightweight errors into an open-source Vue repository via agent; evaluates the agent's ability to complete building, basic dependency fixes, runtime verification, and result extraction",DevOps & Env Repair,DevOps & Env Repair ; Coding & Software Dev ; Browser & Web Scraping,0,1,0,0,implemented
24,reflective diagnosis,vue-build-fix-chain,"Build an open-source Vue project from GitHub, resolving more complex software dependency and version conflicts; after a successful build, open a browser, find fixed information on the webpage, and write it to a file",H,"Chain-fault task synthesized by manually injecting more complex errors into an open-source Vue repository via agent; evaluates the agent's ability to debug, diagnose dependency conflicts, verify fixes, and complete end-to-end execution in a software engineering environment",DevOps & Env Repair,DevOps & Env Repair ; Coding & Software Dev ; Browser & Web Scraping,0,1,0,0,implemented
25,proactive decision making,noise-filtering,Reliable papers/articles/transcripts are mixed with low-credibility content such as blogs/forums/memos/notes; separate valid conclusions from exaggerated claims,M,"Evaluates the agent's ability to downgrade sources, interpret credibility judgments, and avoid writing noise into durable state in a 'retrievable does not mean trustworthy' scenario",Deep Research & Report,Deep Research & Report ; Documents & Knowledge,0,1,0,1,implemented
26,reflective diagnosis,incremental-update-ctp,"Existing notes are partially correct and partially outdated; perform partial revisions to notes on Context Thread Packing based on a new addendum and talk, rather than rewriting the entire content",E,Focuses on delta-update capability of 'preserving correct parts + precisely updating incorrect parts'; aligned with long-term workspace maintenance and research note incremental revision scenarios,Documents & Knowledge,Documents & Knowledge ; Deep Research & Report,0,1,0,1,implemented
27,reflective diagnosis,conflict-repair-acb,Old durable notes contain obvious errors; use local materials and an internal browser portal to distinguish Adaptive Cache Bridging's key mechanisms from incorrect shorthand,E,Two-stage design of 'local materials reveal conflict + browser supplements adjudication evidence' tests the ability to decide when to continue retrieving versus when to fix memory with targeted repairs,Documents & Knowledge,Documents & Knowledge ; Browser & Web Scraping ; Deep Research & Report,1,1,0,1,implemented
28,cross environment composition,mixed-tool-memory,"Organize conclusions about Delta-backed Planning Windows, supplement safety constraints from local materials and browser portal, and write results to a queryable local SQLite DB",E,"The core is not finding the answer but consolidating the answer into reusable state — including durable notes, local databases, and structured result files — closely matching real research knowledge consolidation needs",Documents & Knowledge,Documents & Knowledge ; Browser & Web Scraping ; Finance & Data Analytics,1,0,0,1,implemented
29,cross environment composition,live-web-research-sqlite-fts5,"Use a live browser to read pinned docs and YouTube videos, compile an SQLite FTS5 quick reference, and build a local SQLite reference DB to answer subsequent questions",M,"Covers the complete pipeline of real browser access, cross-webpage/video verification, writing back to durable workspace, then structuring into a local DB for subsequent queries",Deep Research & Report,Deep Research & Report ; Browser & Web Scraping ; Documents & Knowledge ; Finance & Data Analytics ; Voice & Multimodal,1,0,0,1,implemented
30,skill evolution,skill-combination,"Merge multiple functionally related independent SKILLs into a unified SKILL, maintaining functional completeness while eliminating redundancy",E,Evaluates the agent's ability to identify functional overlaps between multiple SKILLs and reasonably merge them into a more complete unified SKILL,Documents & Knowledge,Documents & Knowledge ; Coding & Software Dev,0,0,0,1,implemented
31,proactive decision making,mint-diet-snack-log,Add one standard 120 g banana to the snack log for a fixed date in Mint Diet,E,Single-environment smoke task built on the mint-diet mock; verifies that the agent can use the diet log and that the mock persists food entries to SQLite,Health & Fitness,Health & Fitness,0,0,0,0,implemented
32,web service query,weather-aqi-report,Query a local weather service to retrieve Beijing air quality data and save the AQI report to a file,E,Evaluates the agent's ability to navigate a weather mock service (HTML page or JSON API) and extract structured information,Deep Research & Report,Deep Research & Report,0,0,0,0,implemented
33,proactive decision making,social-media-posting,"Log in as alice, post a public message 'Hello from the test!', and verify it appears in the public feed",E,"Single-environment short-step social media task built on social mock environment; evaluates the agent's ability to authenticate, create content, and verify publication",Social Media,Social Media,0,0,0,0,implemented
34,proactive decision making,social-unlike-post,"Log in as alice, find a post she previously liked, remove the like via POST /api/posts/:id/like, and verify liked=false and like_count decreased by 1",E,"Built on social mock environment; evaluates the agent's ability to authenticate, discover liked posts, and toggle like state",Social Media,Social Media,0,0,0,0,implemented
35,proactive decision making,expense-draft-delete,"Log in as alice, find one of her draft expenses, delete it via DELETE /api/drafts/:id, and verify it's gone and count decreased by 1",E,"Built on expense mock environment; evaluates the agent's ability to authenticate, list drafts, and delete a specific draft",Finance & Data Analytics,Finance & Data Analytics,0,0,0,0,implemented
